"Trial.x","Fern.Number","Healthy.Fronds","Crispy.Fronds","Fiddleheads","Root.Rating..tentative.","Number.of.Weevils","Notes","Experiment","Trial.y","Treatment","Weight..g."
"Inoculation Trial Two","BLAA1",34,2,3,2,0,"weevil larvae",NA,NA,NA,NA
"Inoculation Trial One","BLAA155",0,29,0,NA,NA,"","Inoculation","Inoculation Trial One","Control - Blank Agar",2.74
"Inoculation Trial One","BLAA156",15,29,0,NA,NA,"","Inoculation","Inoculation Trial One","Control - Blank Agar",6.92
"Inoculation Trial One","BLAA157",14,33,1,NA,NA,"","Inoculation","Inoculation Trial One","Control - Blank Agar",8.07
"Inoculation Trial Two","BLAA2",0,22,1,3,0,"centipedes",NA,NA,NA,NA
"Inoculation Trial Two","BLAA3",16,0,3,3,1,"",NA,NA,NA,NA
"Inoculation Trial Two","BLAA4",6,10,1,3,0,"centipede",NA,NA,NA,NA
"Inoculation Trial Two","BLAA5",13,11,2,3,0,"centipede, earthworm",NA,NA,NA,NA
"Inoculation Trial Two","BLAA6",9,15,2,2,1,"weevil larvae",NA,NA,NA,NA
"Inoculation Trial Two","BLAB1",0,13,1,3,0,"",NA,NA,NA,NA
"Inoculation Trial One","BLAB164",12,52,2,NA,NA,"","Inoculation","Inoculation Trial One","Control - Blank Agar",13.26
"Inoculation Trial One","BLAB165",9,36,2,NA,NA,"","Inoculation","Inoculation Trial One","Control - Blank Agar",3.64
"Inoculation Trial One","BLAB166",9,30,0,NA,NA,"","Inoculation","Inoculation Trial One","Control - Blank Agar",9.46
"Inoculation Trial Two","BLAB2",5,23,2,2,2,"weevil larvae",NA,NA,NA,NA
"Inoculation Trial Two","BLAB3",2,22,2,1,2,"weevil larvae",NA,NA,NA,NA
"Inoculation Trial Two","BLAB4",8,15,2,3,2,"",NA,NA,NA,NA
"Inoculation Trial Two","BLAB5",4,11,1,1,0,"weevil larvae",NA,NA,NA,NA
"Inoculation Trial Two","BLAB6",0,5,2,3,0,"centipedes, earrhworms",NA,NA,NA,NA
"Seward Trial One","C01",29,3,1,NA,0,"eggs?","Seward Soil","Seward Trial One","Sterilized",14.11
"Seward Trial One","C02",35,2,0,NA,2,"weevil larvae","Seward Soil","Seward Trial One","Sterilized",34.32
"Seward Trial One","C03",30,3,2,NA,1,"adult weevil","Seward Soil","Seward Trial One","Sterilized",37.76
"Seward Trial One","C04",34,0,0,NA,0,"","Seward Soil","Seward Trial One","Sterilized",17.52
"Seward Trial One","C05",4,12,0,NA,2,"weevil larvae","Seward Soil","Seward Trial One","Sterilized",13.95
"Seward Trial One","C06",6,1,1,NA,3,"many dead leaf stalks (no fronds)","Seward Soil","Seward Trial One","Sterilized",16.76
"Seward Trial One","C07",11,0,0,NA,1,"loose rizome base, weevil larvae","Seward Soil","Seward Trial One","Sterilized",22.62
"Seward Trial One","C08",19,8,0,NA,1,"weevil larvae","Seward Soil","Seward Trial One","Sterilized",12.49
"Seward Trial One","C09",6,2,0,NA,0,"loose rizome base","Seward Soil","Seward Trial One","Sterilized",7.56
"Seward Trial One","C10",7,18,0,NA,0,"","Seward Soil","Seward Trial One","Sterilized",9.56
"Seward Trial One","C11",NA,NA,NA,NA,NA,"already taken down",NA,NA,NA,NA
"Seward Trial One","C12",22,13,1,NA,1,"","Seward Soil","Seward Trial One","Sterilized",26.13
"Seward Trial One","C13",17,27,0,NA,0,"","Seward Soil","Seward Trial One","Sterilized",41.03
"Seward Trial One","C14",25,9,0,NA,1,"","Seward Soil","Seward Trial One","Sterilized",19.11
"Seward Trial One","C15",19,30,0,NA,0,"","Seward Soil","Seward Trial One","Sterilized",15.79
"Seward Trial One","C16",5,12,0,NA,0,"","Seward Soil","Seward Trial One","Sterilized",19.47
"Seward Trial One","C17",30,5,1,NA,0,"","Seward Soil","Seward Trial One","Sterilized",25.48
"Seward Trial One","C18",25,17,1,NA,0,"","Seward Soil","Seward Trial One","Sterilized",43.7
"Seward Trial One","C19",13,8,1,NA,0,"","Seward Soil","Seward Trial One","Sterilized",28.18
"Seward Trial One","C20",18,16,1,NA,0,"","Seward Soil","Seward Trial One","Sterilized",34.98
"Seward Trial One","C21",9,10,0,NA,0,"","Seward Soil","Seward Trial One","Sterilized",4.62
"Seward Trial One","C22",26,5,1,NA,1,"","Seward Soil","Seward Trial One","Sterilized",10.51
"Seward Trial One","C23",NA,NA,NA,NA,NA,"already taken down",NA,NA,NA,NA
"Seward Trial One","C24",13,23,4,NA,1,"","Seward Soil","Seward Trial One","Sterilized",13.5
"Seward Trial One","C25",40,8,4,NA,1,"","Seward Soil","Seward Trial One","Sterilized",7.05
"Seward Trial One","C26",25,22,3,NA,0,"","Seward Soil","Seward Trial One","Sterilized",27.42
"Seward Trial One","C27",28,8,0,NA,0,"","Seward Soil","Seward Trial One","Sterilized",13.58
"Seward Trial One","C28",11,12,5,NA,0,"","Seward Soil","Seward Trial One","Sterilized",4.56
"Seward Trial One","C29",10,13,2,NA,1,"adult weevil","Seward Soil","Seward Trial One","Sterilized",28.02
"Seward Trial One","C30",34,0,1,NA,1,"adult weevil","Seward Soil","Seward Trial One","Sterilized",13.57
"Seward Trial One","C31",24,5,1,NA,1,"","Seward Soil","Seward Trial One","Sterilized",8.08
"Seward Trial One","C32",30,9,1,NA,0,"","Seward Soil","Seward Trial One","Sterilized",6.12
"Seward Trial One","C33",20,2,0,NA,0,"","Seward Soil","Seward Trial One","Sterilized",10.49
"Seward Trial One","C34",41,9,0,NA,0,"","Seward Soil","Seward Trial One","Sterilized",8.03
"Seward Trial One","C35",13,3,0,NA,0,"","Seward Soil","Seward Trial One","Sterilized",16.13
"Seward Trial One","C36",10,19,0,NA,0,"","Seward Soil","Seward Trial One","Sterilized",8.27
"Seward Trial One","C37",26,7,2,NA,0,"","Seward Soil","Seward Trial One","Sterilized",31.18
"Seward Trial One","C38",12,26,4,NA,0,"","Seward Soil","Seward Trial One","Sterilized",25.88
"Seward Trial One","C39",29,17,3,NA,0,"","Seward Soil","Seward Trial One","Sterilized",14.93
"Seward Trial One","C40",5,21,0,NA,0,"","Seward Soil","Seward Trial One","Sterilized",8.57
"Seward Trial One","C41",7,14,0,NA,0,"","Seward Soil","Seward Trial One","Sterilized",12.29
"Seward Trial One","C42",5,38,2,NA,0,"","Seward Soil","Seward Trial One","Sterilized",18.42
"Seward Trial One","C43",10,39,1,NA,0,"","Seward Soil","Seward Trial One","Sterilized",15.94
"Seward Trial One","C44",12,26,4,NA,0,"","Seward Soil","Seward Trial One","Sterilized",6.64
"Seward Trial One","C45",6,19,0,NA,0,"","Seward Soil","Seward Trial One","Sterilized",15.12
"Seward Trial Two","C46",24,19,1,NA,NA,"C46-C68 table 1, didn't get watered for ~2 weeks affecting frond conditions","Seward Soil","Seward Trial Two","Sterilized",13.5
"Seward Trial Two","C47",29,5,1,NA,NA,"","Seward Soil","Seward Trial Two","Sterilized",10.21
"Seward Trial Two","C48",9,12,0,NA,NA,"","Seward Soil","Seward Trial Two","Sterilized",12.01
"Seward Trial Two","C49",16,20,0,NA,NA,"","Seward Soil","Seward Trial Two","Sterilized",10.79
"Seward Trial Two","C50",0,51,0,NA,NA,"","Seward Soil","Seward Trial Two","Sterilized",14.17
"Seward Trial Two","C51",1,22,0,NA,NA,"","Seward Soil","Seward Trial Two","Sterilized",15.61
"Seward Trial Two","C52",32,13,1,NA,NA,"","Seward Soil","Seward Trial Two","Sterilized",14.76
"Seward Trial Two","C53",0,42,0,NA,NA,"","Seward Soil","Seward Trial Two","Sterilized",20.77
"Seward Trial Two","C54",36,7,0,NA,NA,"","Seward Soil","Seward Trial Two","Sterilized",21.29
"Seward Trial Two","C55",0,38,0,NA,NA,"","Seward Soil","Seward Trial Two","Sterilized",32.07
"Seward Trial Two","C56",29,22,0,NA,NA,"","Seward Soil","Seward Trial Two","Sterilized",31.33
"Seward Trial Two","C57",26,4,0,NA,NA,"","Seward Soil","Seward Trial Two","Sterilized",18.5
"Seward Trial Two","C58",16,16,0,NA,NA,"","Seward Soil","Seward Trial Two","Sterilized",25.31
"Seward Trial Two","C59",9,25,1,NA,NA,"","Seward Soil","Seward Trial Two","Sterilized",10.84
"Seward Trial Two","C60",13,18,0,NA,NA,"","Seward Soil","Seward Trial Two","Sterilized",19.05
"Seward Trial Two","C61",20,4,0,NA,NA,"","Seward Soil","Seward Trial Two","Sterilized",11
"Seward Trial Two","C62",11,12,2,NA,NA,"","Seward Soil","Seward Trial Two","Sterilized",17.64
"Seward Trial Two","C63",0,36,0,NA,NA,"","Seward Soil","Seward Trial Two","Sterilized",10.39
"Seward Trial Two","C64",3,31,0,NA,NA,"","Seward Soil","Seward Trial Two","Sterilized",20.49
"Seward Trial Two","C65",15,8,0,NA,NA,"","Seward Soil","Seward Trial Two","Sterilized",14
"Seward Trial Two","C66",6,32,0,NA,NA,"","Seward Soil","Seward Trial Two","Sterilized",11.6
"Seward Trial Two","C67",22,12,0,NA,NA,"","Seward Soil","Seward Trial Two","Sterilized",12.47
"Seward Trial Two","C68",26,15,0,NA,NA,"C68-C89 table 2, watered normally","Seward Soil","Seward Trial Two","Sterilized",14.96
"Seward Trial Two","C69",12,39,0,NA,NA,"","Seward Soil","Seward Trial Two","Sterilized",33.6
"Seward Trial Two","C70",9,17,0,NA,NA,"","Seward Soil","Seward Trial Two","Sterilized",13.55
"Seward Trial Two","C71",9,22,0,NA,NA,"","Seward Soil","Seward Trial Two","Sterilized",27.15
"Seward Trial Two","C72",14,30,0,NA,NA,"","Seward Soil","Seward Trial Two","Sterilized",11.67
"Seward Trial Two","C73",27,20,0,NA,NA,"","Seward Soil","Seward Trial Two","Sterilized",32.76
"Seward Trial Two","C74",18,12,1,NA,NA,"earthworm","Seward Soil","Seward Trial Two","Sterilized",9.69
"Seward Trial Two","C75",20,22,0,NA,NA,"","Seward Soil","Seward Trial Two","Sterilized",30.38
"Seward Trial Two","C76",9,9,0,NA,NA,"","Seward Soil","Seward Trial Two","Sterilized",11.88
"Seward Trial Two","C77",28,36,0,NA,NA,"","Seward Soil","Seward Trial Two","Sterilized",25.05
"Seward Trial Two","C78",23,20,0,NA,NA,"","Seward Soil","Seward Trial Two","Sterilized",10.35
"Seward Trial Two","C79",44,31,0,NA,NA,"","Seward Soil","Seward Trial Two","Sterilized",10.56
"Seward Trial Two","C80",19,31,1,NA,NA,"","Seward Soil","Seward Trial Two","Sterilized",14.35
"Seward Trial Two","C81",18,32,0,NA,NA,"","Seward Soil","Seward Trial Two","Sterilized",25.01
"Seward Trial Two","C82",12,28,1,NA,NA,"","Seward Soil","Seward Trial Two","Sterilized",9.33
"Seward Trial Two","C83",21,36,1,NA,NA,"","Seward Soil","Seward Trial Two","Sterilized",11.21
"Seward Trial Two","C84",28,18,4,NA,NA,"","Seward Soil","Seward Trial Two","Sterilized",9.79
"Seward Trial Two","C85",48,13,1,NA,NA,"","Seward Soil","Seward Trial Two","Sterilized",14.38
"Seward Trial Two","C86",20,39,3,NA,NA,"","Seward Soil","Seward Trial Two","Sterilized",11.67
"Seward Trial Two","C87",19,46,0,NA,NA,"","Seward Soil","Seward Trial Two","Sterilized",14.61
"Seward Trial Two","C88",27,17,0,NA,NA,"","Seward Soil","Seward Trial Two","Sterilized",13.48
"Seward Trial Two","C89",41,19,1,NA,NA,"","Seward Soil","Seward Trial Two","Sterilized",12.4
"Inoculation Trial One","CACA080",6,32,2,NA,NA,"","Inoculation","Inoculation Trial One","Phytophthora cactorum",4.73
"Inoculation Trial One","CACA081",1,28,0,NA,NA,"","Inoculation","Inoculation Trial One","Phytophthora cactorum",3.19
"Inoculation Trial One","CACA082",15,23,1,NA,NA,"","Inoculation","Inoculation Trial One","Phytophthora cactorum",7.05
"Inoculation Trial One","CACB089",1,41,0,NA,NA,"","Inoculation","Inoculation Trial One","Phytophthora cactorum",2.95
"Inoculation Trial One","CACB090",3,20,0,NA,NA,"","Inoculation","Inoculation Trial One","Phytophthora cactorum",3.32
"Inoculation Trial One","CACB091",16,35,3,NA,NA,"","Inoculation","Inoculation Trial One","Phytophthora cactorum",6.12
"Inoculation Trial One","CAMA044",15,36,1,NA,NA,"","Inoculation","Inoculation Trial One","Phytophthora cambivora",6.12
"Inoculation Trial One","CAMA045",10,15,0,NA,NA,"","Inoculation","Inoculation Trial One","Phytophthora cambivora",3.56
"Inoculation Trial One","CAMA046",14,42,0,NA,NA,"","Inoculation","Inoculation Trial One","Phytophthora cambivora",8
"Inoculation Trial Two","CAMA1",1,6,1,3,1,"",NA,NA,NA,NA
"Inoculation Trial Two","CAMA2",15,16,1,3,0,"earthworm",NA,NA,NA,NA
"Inoculation Trial Two","CAMA3",7,19,2,3,1,"",NA,NA,NA,NA
"Inoculation Trial Two","CAMA4",9,15,3,2,3,"weevil larvae",NA,NA,NA,NA
"Inoculation Trial Two","CAMA5",0,14,2,3,0,"",NA,NA,NA,NA
"Inoculation Trial Two","CAMA6",1,15,1,3,0,"",NA,NA,NA,NA
"Inoculation Trial One","CAMB053",13,23,5,NA,NA,"","Inoculation","Inoculation Trial One","Phytophthora cambivora",14.21
"Inoculation Trial One","CAMB054",8,29,0,NA,NA,"","Inoculation","Inoculation Trial One","Phytophthora cambivora",4.24
"Inoculation Trial One","CAMB055",0,32,1,NA,NA,"","Inoculation","Inoculation Trial One","Phytophthora cambivora",9.52
"Inoculation Trial Two","CAMB1",16,3,3,3,0,"centipedes, earthworms",NA,NA,NA,NA
"Inoculation Trial Two","CAMB2",10,17,3,3,0,"",NA,NA,NA,NA
"Inoculation Trial Two","CAMB3",19,8,3,3,0,"",NA,NA,NA,NA
"Inoculation Trial Two","CAMB4",7,14,3,3,0,"",NA,NA,NA,NA
"Inoculation Trial Two","CAMB5",15,13,1,3,0,"",NA,NA,NA,NA
"Inoculation Trial Two","CAMB6",7,14,3,3,1,"",NA,NA,NA,NA
"Inoculation Trial One","EURA062",13,20,4,NA,NA,"",NA,NA,NA,NA
"Inoculation Trial One","EURA063",12,36,1,NA,NA,"",NA,NA,NA,NA
"Inoculation Trial One","EURA064",10,38,4,NA,NA,"",NA,NA,NA,NA
"Inoculation Trial Two","EURA1",7,16,3,3,0,"",NA,NA,NA,NA
"Inoculation Trial Two","EURA2",12,15,2,2,1,"weevil larvae",NA,NA,NA,NA
"Inoculation Trial Two","EURA3",0,17,1,3,0,"earthworm",NA,NA,NA,NA
"Inoculation Trial Two","EURA4",7,21,2,2,1,"baby earthworm, adult weevil",NA,NA,NA,NA
"Inoculation Trial Two","EURA5",5,6,2,3,0,"",NA,NA,NA,NA
"Inoculation Trial Two","EURA6",0,20,1,2,1,"juvenile weevil",NA,NA,NA,NA
"Inoculation Trial Two","EURB1",4,25,2,2,0,"dwarfed fronds, weevil larvae",NA,NA,NA,NA
"Inoculation Trial Two","EURB2",3,12,2,2,1,"weevil larvae",NA,NA,NA,NA
"Inoculation Trial Two","EURB3",8,21,2,2,1,"adult weevil, earthworms",NA,NA,NA,NA
"Inoculation Trial Two","EURB4",0,12,1,3,0,"",NA,NA,NA,NA
"Inoculation Trial Two","EURB5",3,16,1,2,0,"healthy fronds dwarfed, earthworms, weevil larvae and exoskeletons",NA,NA,NA,NA
"Inoculation Trial Two","EURB6",3,13,3,3,2,"earthworm",NA,NA,NA,NA
"Inoculation Trial One","FLEX071",19,23,2,NA,NA,"","Inoculation","Inoculation Trial One","Phytophthora flexuosa",5.68
"Inoculation Trial One","FLEX072",10,38,1,NA,NA,"","Inoculation","Inoculation Trial One","Phytophthora flexuosa",4.01
"Inoculation Trial One","FLEX073",8,8,2,NA,NA,"","Inoculation","Inoculation Trial One","Phytophthora flexuosa",5.96
"Inoculation Trial One","GINA128",3,30,0,NA,NA,"","Inoculation","Inoculation Trial One","Globisporangium intermedium",6.87
"Inoculation Trial One","GINA129",9,45,2,NA,NA,"","Inoculation","Inoculation Trial One","Globisporangium intermedium",7.4
"Inoculation Trial One","GINA130",3,39,0,NA,NA,"","Inoculation","Inoculation Trial One","Globisporangium intermedium",6.75
"Inoculation Trial One","GINB137",21,41,0,NA,NA,"","Inoculation","Inoculation Trial One","Globisporangium intermedium",9.57
"Inoculation Trial One","GINB138",19,33,1,NA,NA,"","Inoculation","Inoculation Trial One","Globisporangium intermedium",6.34
"Inoculation Trial One","GINB139",6,39,0,NA,NA,"","Inoculation","Inoculation Trial One","Globisporangium intermedium",13.02
"Inoculation Trial One","GINC146",6,32,0,NA,NA,"","Inoculation","Inoculation Trial One","Globisporangium intermedium",3.93
"Inoculation Trial One","GINC147",15,30,0,NA,NA,"","Inoculation","Inoculation Trial One","Globisporangium intermedium",10.51
"Inoculation Trial One","GINC148",12,32,0,NA,NA,"","Inoculation","Inoculation Trial One","Globisporangium intermedium",3.7
"Inoculation Trial One","NONE043",9,15,2,NA,NA,"","Inoculation","Inoculation Trial One","Control - No Rice",6.21
"Inoculation Trial One","NONE173",9,20,1,NA,NA,"","Inoculation","Inoculation Trial One","Control - No Rice",4.96
"Inoculation Trial One","NONE174",36,27,4,NA,NA,"","Inoculation","Inoculation Trial One","Control - No Rice",8.62
"Inoculation Trial Two","NONEA1",9,9,3,3,0,"Worm in roots, unclear why plant appears unhealthy ",NA,NA,NA,NA
"Inoculation Trial Two","NONEA2",9,16,3,3,0,"",NA,NA,NA,NA
"Inoculation Trial Two","NONEA3",14,1,3,3,2,"",NA,NA,NA,NA
"Inoculation Trial Two","NONEA4",18,7,3,3,1,"",NA,NA,NA,NA
"Inoculation Trial Two","NONEA5",15,9,3,3,2,"",NA,NA,NA,NA
"Inoculation Trial Two","NONEA6",26,8,3,3,0,"",NA,NA,NA,NA
"Inoculation Trial Two","NONEB1",15,15,2,3,1,"Found weevil in none ferns unsure which one specifically",NA,NA,NA,NA
"Inoculation Trial Two","NONEB2",4,14,2,3,0,"tiny earthworm",NA,NA,NA,NA
"Inoculation Trial Two","NONEB3",12,19,2,2,0,"",NA,NA,NA,NA
"Inoculation Trial Two","NONEB4",8,6,2,3,2,"earthworm",NA,NA,NA,NA
"Inoculation Trial Two","NONEB5",9,6,2,3,3,"",NA,NA,NA,NA
"Inoculation Trial Two","NONEB6",12,8,3,3,0,"",NA,NA,NA,NA
"Inoculation Trial Two","OBSA1",4,25,2,3,0,"",NA,NA,NA,NA
"Inoculation Trial Two","OBSA2",5,16,3,2,1,"weevil larvae",NA,NA,NA,NA
"Inoculation Trial Two","OBSA3",6,13,2,3,0,"",NA,NA,NA,NA
"Inoculation Trial Two","OBSA4",11,7,2,2,0,"",NA,NA,NA,NA
"Inoculation Trial Two","OBSA5",16,16,2,2,4,"dwarfed fronds, wide fronds, weevil larvae",NA,NA,NA,NA
"Inoculation Trial Two","OBSA6",6,19,3,2,1,"weevil larvae",NA,NA,NA,NA
"Inoculation Trial Two","OBSB1",2,13,3,3,1,"centipedes, earrhworms",NA,NA,NA,NA
"Inoculation Trial Two","OBSB2",0,13,2,2,0,"centipede, weevil larvae, earthworms",NA,NA,NA,NA
"Inoculation Trial Two","OBSB3",8,22,2,3,1,"earthworm, centipede",NA,NA,NA,NA
"Inoculation Trial Two","OBSB4",4,16,1,3,3,"earthworm",NA,NA,NA,NA
"Inoculation Trial Two","OBSB5",12,12,3,2,2,"weevil larvae and earthworms",NA,NA,NA,NA
"Inoculation Trial Two","OBSB6",7,27,2,3,2,"",NA,NA,NA,NA
"Inoculation Trial One","OCCA098",8,39,0,NA,NA,"","Inoculation","Inoculation Trial One","Phytophthora occultans",8.72
"Inoculation Trial One","OCCA099",7,26,1,NA,NA,"","Inoculation","Inoculation Trial One","Phytophthora occultans",4.86
"Inoculation Trial Two","OCCA1",21,2,3,3,2,"",NA,NA,NA,NA
"Inoculation Trial One","OCCA100",16,27,0,NA,NA,"","Inoculation","Inoculation Trial One","Phytophthora occultans",4.64
"Inoculation Trial Two","OCCA2",15,4,1,3,0,"",NA,NA,NA,NA
"Inoculation Trial Two","OCCA3",19,2,2,3,1,"earthworm",NA,NA,NA,NA
"Inoculation Trial Two","OCCA4",7,4,3,3,1,"",NA,NA,NA,NA
"Inoculation Trial Two","OCCA5",2,13,1,3,0,"",NA,NA,NA,NA
"Inoculation Trial Two","OCCA6",15,6,3,3,0,"",NA,NA,NA,NA
"Inoculation Trial Two","OCCB1",4,13,2,3,0,"earthworm",NA,NA,NA,NA
"Inoculation Trial One","OCCB113",12,31,2,NA,NA,"","Inoculation","Inoculation Trial One","Phytophthora occultans",6.94
"Inoculation Trial One","OCCB114",6,10,0,NA,NA,"","Inoculation","Inoculation Trial One","Phytophthora occultans",6.35
"Inoculation Trial One","OCCB115",0,16,0,NA,NA,"","Inoculation","Inoculation Trial One","Phytophthora occultans",3.65
"Inoculation Trial Two","OCCB2",2,14,2,3,0,"",NA,NA,NA,NA
"Inoculation Trial Two","OCCB3",32,8,3,3,1,"earthworm",NA,NA,NA,NA
"Inoculation Trial Two","OCCB4",11,10,2,2,1,"juvenile weevil",NA,NA,NA,NA
"Inoculation Trial Two","OCCB5",3,6,2,3,0,"",NA,NA,NA,NA
"Inoculation Trial Two","OCCB6",14,9,3,3,0,"",NA,NA,NA,NA
"Seward Trial Two","P01",5,31,1,NA,NA,"P01-P09 on table 1, didn't get watered for ~2 weeks affecting frond conditions","Seward Soil","Seward Trial Two","Control - Potting Mix",25.11
"Seward Trial Two","P02",16,24,1,NA,NA,"","Seward Soil","Seward Trial Two","Control - Potting Mix",26.91
"Seward Trial Two","P03",5,29,0,NA,NA,"","Seward Soil","Seward Trial Two","Control - Potting Mix",20.89
"Seward Trial Two","P04",21,11,1,NA,NA,"","Seward Soil","Seward Trial Two","Control - Potting Mix",8.88
"Seward Trial Two","P05",21,13,0,NA,NA,"","Seward Soil","Seward Trial Two","Control - Potting Mix",14.06
"Seward Trial Two","P06",24,11,2,NA,NA,"","Seward Soil","Seward Trial Two","Control - Potting Mix",17.31
"Seward Trial Two","P07",18,18,0,NA,NA,"","Seward Soil","Seward Trial Two","Control - Potting Mix",20.86
"Seward Trial Two","P08",4,20,0,NA,NA,"","Seward Soil","Seward Trial Two","Control - Potting Mix",14.17
"Seward Trial Two","P09",17,10,0,NA,NA,"","Seward Soil","Seward Trial Two","Control - Potting Mix",21.02
"Seward Trial Two","P10",13,12,3,NA,NA,"start of table 2","Seward Soil","Seward Trial Two","Control - Potting Mix",12.26
"Seward Trial Two","P11",15,30,0,NA,NA,"","Seward Soil","Seward Trial Two","Control - Potting Mix",18.03
"Seward Trial Two","P12",28,27,0,NA,NA,"","Seward Soil","Seward Trial Two","Control - Potting Mix",20.18
"Seward Trial Two","P13",11,2,0,NA,NA,"","Seward Soil","Seward Trial Two","Control - Potting Mix",9.02
"Seward Trial Two","P14",11,23,2,NA,NA,"","Seward Soil","Seward Trial Two","Control - Potting Mix",12.83
"Seward Trial Two","P15",16,28,0,NA,NA,"","Seward Soil","Seward Trial Two","Control - Potting Mix",18
"Seward Trial Two","P16",26,28,3,NA,NA,"","Seward Soil","Seward Trial Two","Control - Potting Mix",14.63
"Seward Trial Two","P17",14,19,0,NA,NA,"","Seward Soil","Seward Trial Two","Control - Potting Mix",19.41
"Seward Trial Two","P18",21,32,2,NA,NA,"","Seward Soil","Seward Trial Two","Control - Potting Mix",13.56
"Inoculation Trial One","PLUA025",12,28,0,NA,NA,"","Inoculation","Inoculation Trial One","Phytophthora plurivora",15.82
"Inoculation Trial One","PLUA026",15,34,0,NA,NA,"","Inoculation","Inoculation Trial One","Phytophthora plurivora",20.82
"Inoculation Trial One","PLUA027",14,25,1,NA,NA,"","Inoculation","Inoculation Trial One","Phytophthora plurivora",6.06
"Inoculation Trial Two","PLUA1",12,15,2,3,2,"",NA,NA,NA,NA
"Inoculation Trial Two","PLUA2",24,5,3,3,1,"",NA,NA,NA,NA
"Inoculation Trial Two","PLUA3",9,13,2,3,0,"",NA,NA,NA,NA
"Inoculation Trial Two","PLUA4",4,9,1,3,1,"",NA,NA,NA,NA
"Inoculation Trial Two","PLUA5",6,12,3,3,0,"",NA,NA,NA,NA
"Inoculation Trial Two","PLUA6",11,35,3,3,3,"",NA,NA,NA,NA
"Inoculation Trial One","PLUB034",4,31,0,NA,NA,"","Inoculation","Inoculation Trial One","Phytophthora plurivora",6.27
"Inoculation Trial One","PLUB035",2,30,0,NA,NA,"","Inoculation","Inoculation Trial One","Phytophthora plurivora",4.66
"Inoculation Trial One","PLUB036",5,28,0,NA,NA,"","Inoculation","Inoculation Trial One","Phytophthora plurivora",9.3
"Inoculation Trial Two","PLUB1",9,15,2,3,0,"",NA,NA,NA,NA
"Inoculation Trial Two","PLUB2",2,20,1,3,0,"",NA,NA,NA,NA
"Inoculation Trial Two","PLUB3",10,16,3,2,0,"weevil larvae",NA,NA,NA,NA
"Inoculation Trial Two","PLUB4",11,35,2,1,3,"weevil larvae and adult weevil",NA,NA,NA,NA
"Inoculation Trial Two","PLUB5",13,24,2,3,2,"larvae and transitional larvae",NA,NA,NA,NA
"Inoculation Trial Two","PLUB6",8,14,3,2,2,"",NA,NA,NA,NA
"Inoculation Trial One","SYRA001",0,28,0,NA,NA,"","Inoculation","Inoculation Trial One","Phytophthora syringae",5.04
"Inoculation Trial One","SYRA002",1,19,0,NA,NA,"","Inoculation","Inoculation Trial One","Phytophthora syringae",4.26
"Inoculation Trial One","SYRA003",6,41,1,NA,NA,"","Inoculation","Inoculation Trial One","Phytophthora syringae",7.11
"Inoculation Trial One","SYRA004",8,35,0,NA,NA,"","Inoculation","Inoculation Trial One","Phytophthora syringae",5.73
"Inoculation Trial One","SYRA005",16,44,2,NA,NA,"","Inoculation","Inoculation Trial One","Phytophthora syringae",9.64
"Inoculation Trial One","SYRA006",24,29,1,NA,NA,"","Inoculation","Inoculation Trial One","Phytophthora syringae",13.24
"Inoculation Trial Two","SYRA1",2,19,1,3,0,"earthworm",NA,NA,NA,NA
"Inoculation Trial Two","SYRA2",9,8,2,3,0,"earthworm",NA,NA,NA,NA
"Inoculation Trial Two","SYRA3",8,21,3,2,2,"weevil larvae exoskeleton",NA,NA,NA,NA
"Inoculation Trial Two","SYRA4",14,6,2,3,1,"",NA,NA,NA,NA
"Inoculation Trial Two","SYRA5",6,21,2,2,1,"weevil larvae",NA,NA,NA,NA
"Inoculation Trial Two","SYRA6",10,23,1,3,1,"",NA,NA,NA,NA
"Inoculation Trial One","SYRB013",4,30,2,NA,NA,"",NA,NA,NA,NA
"Inoculation Trial One","SYRB014",12,26,1,NA,NA,"",NA,NA,NA,NA
"Inoculation Trial One","SYRB015",8,28,1,NA,NA,"",NA,NA,NA,NA
"Inoculation Trial One","SYRB016",11,34,0,NA,NA,"",NA,NA,NA,NA
"Inoculation Trial One","SYRB017",20,47,0,NA,NA,"",NA,NA,NA,NA
"Inoculation Trial One","SYRB018",20,37,0,NA,NA,"",NA,NA,NA,NA
"Inoculation Trial Two","SYRB1",19,17,3,3,4,"",NA,NA,NA,NA
"Inoculation Trial Two","SYRB2",5,12,2,3,1,"",NA,NA,NA,NA
"Inoculation Trial Two","SYRB3",0,11,2,3,0,"earthworms",NA,NA,NA,NA
"Inoculation Trial Two","SYRB4",11,14,1,3,1,"earthworms, centipedes",NA,NA,NA,NA
"Inoculation Trial Two","SYRB5",9,9,3,2,1,"weevil larvae",NA,NA,NA,NA
"Inoculation Trial Two","SYRB6",7,17,2,3,1,"",NA,NA,NA,NA
"Seward Trial One","W01",33,1,1,NA,0,"","Seward Soil","Seward Trial One","Wild",8.05
"Seward Trial One","W02",14,12,0,NA,0,"","Seward Soil","Seward Trial One","Wild",16.5
"Seward Trial One","W03",7,4,0,NA,0,"","Seward Soil","Seward Trial One","Wild",8.37
"Seward Trial One","W04",9,2,0,NA,3,"weevil larvae","Seward Soil","Seward Trial One","Wild",25.59
"Seward Trial One","W05",18,3,0,NA,2,"weevil larvae","Seward Soil","Seward Trial One","Wild",13.49
"Seward Trial One","W06",29,2,2,NA,0,"","Seward Soil","Seward Trial One","Wild",17.46
"Seward Trial One","W07",8,6,2,NA,0,"","Seward Soil","Seward Trial One","Wild",8.17
"Seward Trial One","W08",20,12,3,NA,0,"","Seward Soil","Seward Trial One","Wild",10.43
"Seward Trial One","W09",10,2,0,NA,0,"","Seward Soil","Seward Trial One","Wild",6.36
"Seward Trial One","W10",NA,NA,NA,NA,NA,"already taken down",NA,NA,NA,NA
"Seward Trial One","W11",33,11,0,NA,0,"","Seward Soil","Seward Trial One","Wild",35.77
"Seward Trial One","W12",24,11,0,NA,0,"","Seward Soil","Seward Trial One","Wild",34.48
"Seward Trial One","W13",23,2,1,NA,0,"","Seward Soil","Seward Trial One","Wild",11.65
"Seward Trial One","W14",5,22,3,NA,1,"","Seward Soil","Seward Trial One","Wild",24.62
"Seward Trial One","W15",17,16,0,NA,0,"","Seward Soil","Seward Trial One","Wild",9.7
"Seward Trial One","W16",4,15,1,NA,0,"","Seward Soil","Seward Trial One","Wild",14.8
"Seward Trial One","W17",0,0,0,NA,0,"","Seward Soil","Seward Trial One","Wild",2.52
"Seward Trial One","W18",4,0,0,NA,0,"","Seward Soil","Seward Trial One","Wild",4.12
"Seward Trial One","W19",15,2,1,NA,0,"","Seward Soil","Seward Trial One","Wild",9.95
"Seward Trial One","W20",37,4,1,NA,0,"","Seward Soil","Seward Trial One","Wild",7.22
"Seward Trial One","W21",19,6,0,NA,0,"","Seward Soil","Seward Trial One","Wild",4.83
"Seward Trial One","W22",NA,NA,NA,NA,NA,"already taken down",NA,NA,NA,NA
"Seward Trial One","W23",10,2,0,NA,0,"","Seward Soil","Seward Trial One","Wild",3.45
"Seward Trial One","W24",8,8,0,NA,2,"weevil larvae","Seward Soil","Seward Trial One","Wild",9.51
"Seward Trial One","W25",8,3,0,NA,0,"","Seward Soil","Seward Trial One","Wild",4.27
"Seward Trial One","W26",8,25,3,NA,0,"","Seward Soil","Seward Trial One","Wild",10.02
"Seward Trial One","W27",18,12,0,NA,0,"","Seward Soil","Seward Trial One","Wild",12.2
"Seward Trial One","W28",28,2,0,NA,0,"","Seward Soil","Seward Trial One","Wild",13.35
"Seward Trial One","W29",29,7,2,NA,1,"insect soap 1/6/25, adult weevil","Seward Soil","Seward Trial One","Wild",29.48
"Seward Trial One","W30",12,27,0,NA,0,"","Seward Soil","Seward Trial One","Wild",12.69
"Seward Trial One","W31",23,9,0,NA,2,"1 larvae, 1 adult weevil","Seward Soil","Seward Trial One","Wild",18.89
"Seward Trial One","W32",39,6,2,NA,0,"","Seward Soil","Seward Trial One","Wild",13.6
"Seward Trial One","W33",6,6,0,NA,0,"","Seward Soil","Seward Trial One","Wild",3.2
"Seward Trial One","W34",8,36,0,NA,0,"","Seward Soil","Seward Trial One","Wild",19.38
"Seward Trial One","W35",30,16,1,NA,0,"","Seward Soil","Seward Trial One","Wild",16.95
"Seward Trial One","W36",7,34,0,NA,0,"","Seward Soil","Seward Trial One","Wild",24.15
"Seward Trial One","W37",18,4,0,NA,0,"","Seward Soil","Seward Trial One","Wild",11.1
"Seward Trial One","W38",14,12,3,NA,0,"","Seward Soil","Seward Trial One","Wild",6.75
"Seward Trial One","W39",6,29,2,NA,0,"","Seward Soil","Seward Trial One","Wild",15.15
"Seward Trial One","W40",29,12,0,NA,0,"","Seward Soil","Seward Trial One","Wild",14.94
"Seward Trial One","W41",4,12,0,NA,0,"","Seward Soil","Seward Trial One","Wild",5.78
"Seward Trial One","W42",6,18,2,NA,1,"","Seward Soil","Seward Trial One","Wild",12.51
"Seward Trial One","W43",20,14,1,NA,0,"","Seward Soil","Seward Trial One","Wild",6.79
"Seward Trial One","W44",13,13,1,NA,0,"","Seward Soil","Seward Trial One","Wild",7.17
"Seward Trial One","W45",4,7,0,NA,0,"","Seward Soil","Seward Trial One","Wild",3.88
"Seward Trial Two","W46",29,9,1,NA,NA,"W46-W68 table 1, didn't get watered for ~2 weeks affecting frond conditions","Seward Soil","Seward Trial Two","Wild",12.24
"Seward Trial Two","W47",20,30,0,NA,NA,"","Seward Soil","Seward Trial Two","Wild",15.1
"Seward Trial Two","W48",0,52,0,NA,NA,"","Seward Soil","Seward Trial Two","Wild",11.83
"Seward Trial Two","W49",5,40,1,NA,NA,"","Seward Soil","Seward Trial Two","Wild",18.26
"Seward Trial Two","W50",4,51,0,NA,NA,"","Seward Soil","Seward Trial Two","Wild",17.73
"Seward Trial Two","W51",25,9,1,NA,NA,"","Seward Soil","Seward Trial Two","Wild",8.65
"Seward Trial Two","W52",0,50,0,NA,NA,"","Seward Soil","Seward Trial Two","Wild",16.82
"Seward Trial Two","W53",35,3,0,NA,NA,"","Seward Soil","Seward Trial Two","Wild",17.79
"Seward Trial Two","W54",16,21,0,NA,NA,"","Seward Soil","Seward Trial Two","Wild",12.49
"Seward Trial Two","W55",31,3,1,NA,NA,"","Seward Soil","Seward Trial Two","Wild",31.96
"Seward Trial Two","W56",11,2,6,NA,NA,"","Seward Soil","Seward Trial Two","Wild",4.38
"Seward Trial Two","W57",0,40,0,NA,NA,"","Seward Soil","Seward Trial Two","Wild",24.45
"Seward Trial Two","W58",8,27,0,NA,NA,"","Seward Soil","Seward Trial Two","Wild",15.23
"Seward Trial Two","W59",8,24,1,NA,NA,"","Seward Soil","Seward Trial Two","Wild",17.77
"Seward Trial Two","W60",17,5,0,NA,NA,"","Seward Soil","Seward Trial Two","Wild",5.48
"Seward Trial Two","W61",6,31,0,NA,NA,"","Seward Soil","Seward Trial Two","Wild",18.21
"Seward Trial Two","W62",21,19,3,NA,NA,"","Seward Soil","Seward Trial Two","Wild",14.87
"Seward Trial Two","W63",4,29,0,NA,NA,"","Seward Soil","Seward Trial Two","Wild",11
"Seward Trial Two","W64",11,19,0,NA,NA,"","Seward Soil","Seward Trial Two","Wild",7.02
"Seward Trial Two","W65",5,23,0,NA,NA,"","Seward Soil","Seward Trial Two","Wild",7.75
"Seward Trial Two","W66",14,38,0,NA,NA,"","Seward Soil","Seward Trial Two","Wild",27.11
"Seward Trial Two","W67",0,39,0,NA,NA,"","Seward Soil","Seward Trial Two","Wild",19.58
"Seward Trial Two","W68",13,27,0,NA,NA,"W68-W89 table 2, watered normally","Seward Soil","Seward Trial Two","Wild",27.01
"Seward Trial Two","W69",26,28,0,NA,NA,"","Seward Soil","Seward Trial Two","Wild",31.05
"Seward Trial Two","W70",12,25,0,NA,NA,"","Seward Soil","Seward Trial Two","Wild",23.84
"Seward Trial Two","W71",8,10,0,NA,NA,"","Seward Soil","Seward Trial Two","Wild",7.04
"Seward Trial Two","W72",21,9,1,NA,NA,"","Seward Soil","Seward Trial Two","Wild",11.67
"Seward Trial Two","W73",20,19,1,NA,NA,"","Seward Soil","Seward Trial Two","Wild",14.84
"Seward Trial Two","W74",13,28,0,NA,NA,"","Seward Soil","Seward Trial Two","Wild",12.72
"Seward Trial Two","W75",22,20,2,NA,NA,"","Seward Soil","Seward Trial Two","Wild",13.35
"Seward Trial Two","W76",29,20,0,NA,NA,"","Seward Soil","Seward Trial Two","Wild",22.29
"Seward Trial Two","W77",24,22,0,NA,NA,"","Seward Soil","Seward Trial Two","Wild",39.2
"Seward Trial Two","W78",22,44,1,NA,NA,"","Seward Soil","Seward Trial Two","Wild",17.49
"Seward Trial Two","W79",13,27,1,NA,NA,"","Seward Soil","Seward Trial Two","Wild",20.15
"Seward Trial Two","W80",9,3,1,NA,NA,"earthworm","Seward Soil","Seward Trial Two","Wild",4.8
"Seward Trial Two","W81",24,15,0,NA,NA,"","Seward Soil","Seward Trial Two","Wild",16.39
"Seward Trial Two","W82",14,18,0,NA,NA,"","Seward Soil","Seward Trial Two","Wild",10.6
"Seward Trial Two","W83",11,17,2,NA,NA,"","Seward Soil","Seward Trial Two","Wild",12.39
"Seward Trial Two","W84",26,12,1,NA,NA,"","Seward Soil","Seward Trial Two","Wild",10.28
"Seward Trial Two","W85",14,31,4,NA,NA,"","Seward Soil","Seward Trial Two","Wild",12.56
"Seward Trial Two","W86",12,38,0,NA,NA,"spider","Seward Soil","Seward Trial Two","Wild",10.9
"Seward Trial Two","W87",11,13,0,NA,NA,"earthworm","Seward Soil","Seward Trial Two","Wild",8.06
"Seward Trial Two","W88",4,25,0,NA,NA,"","Seward Soil","Seward Trial Two","Wild",10.92
"Seward Trial Two","W89",24,15,1,NA,NA,"","Seward Soil","Seward Trial Two","Wild",7.9
